Occupation,Emp_2020,Emp_2030,Emp_Change,Emp_Change_P,Job_Openings_Yearly,Wage,Educ_Level
Accountants and auditors,1392.2,1488.2,96.0,6.9,135.0,73560,Bachelor's degree
Actors,51.6,68.3,16.7,32.4,8.2,0,"Some college, no degree"
Actuaries,27.7,34.5,6.8,24.5,2.4,111030,Bachelor's degree
"Acupuncturists and healthcare diagnosing or treating practitioners, all other",55.7,58.3,2.6,4.7,3.6,82420,Master's degree
Adhesive bonding machine operators and tenders,12.5,12.6,0.1,0.9,1.5,36280,High school diploma or equivalent
"Administrative law judges, adjudicators, and hearing officers",15.5,15.6,0.1,0.8,0.7,97520,Doctoral or professional degree
Administrative services and facilities managers,322.0,350.5,28.6,8.9,29.2,98890,Bachelor's degree
"Adult basic education, adult secondary education, and English as a Second Language instructors",48.3,45.9,-2.4,-5.0,5.1,55350,Bachelor's degree
Advertising and promotions managers,23.2,25.6,2.4,10.3,2.5,133460,Bachelor's degree
Advertising sales agents,115.1,118.7,3.6,3.1,14.8,54940,High school diploma or equivalent
Aerospace engineering and operations technologists and technicians,11.9,12.9,1.1,8.9,1.2,68570,Associate's degree
Aerospace engineers,61.4,66.5,5.1,8.3,4.0,118610,Bachelor's degree
"Agents and managers of artists, performers, and athletes",18.7,27.3,8.6,46.3,3.4,75420,Bachelor's degree
Agricultural and food science technicians,26.6,28.7,2.1,7.9,3.7,41970,Associate's degree
Agricultural engineers,1.5,1.5,0.1,4.5,0.1,84410,Bachelor's degree
Agricultural equipment operators,65.0,73.4,8.4,12.9,11.7,32750,No formal educational credential
Agricultural inspectors,16.6,18.2,1.5,9.1,2.9,46700,Bachelor's degree
"Agricultural sciences teachers, postsecondary",9.9,10.4,0.5,5.0,1.0,90340,Doctoral or professional degree
"Agricultural workers, all other",12.3,12.9,0.6,4.9,2.0,30140,No formal educational credential
Air traffic controllers,24.5,25.5,0.9,3.8,2.5,130420,Associate's degree
Aircraft cargo handling supervisors,11.0,12.3,1.3,11.9,1.4,53610,High school diploma or equivalent
Aircraft mechanics and service technicians,130.1,145.4,15.3,11.8,12.7,66440,Postsecondary nondegree award
"Aircraft service attendants and transportation workers, all other",32.1,36.7,4.5,14.1,5.1,37790,High school diploma or equivalent
"Aircraft structure, surfaces, rigging, and systems assemblers",37.8,31.7,-6.0,-15.9,3.2,53160,High school diploma or equivalent
Airfield operations specialists,10.4,11.7,1.3,12.9,1.2,51330,High school diploma or equivalent
"Airline pilots, copilots, and flight engineers",74.7,85.0,10.3,13.7,9.6,160970,Bachelor's degree
"Ambulance drivers and attendants, except emergency medical technicians",14.2,16.5,2.3,16.3,1.9,27930,High school diploma or equivalent
Amusement and recreation attendants,264.4,349.8,85.4,32.3,72.9,24760,No formal educational credential
Anesthesiologists,31.3,31.2,-0.2,-0.5,0.8,208000,Doctoral or professional degree
Animal breeders,8.4,8.2,-0.3,-3.2,1.3,40770,High school diploma or equivalent
Animal caretakers,272.4,366.1,93.6,34.4,56.4,26080,High school diploma or equivalent
Animal control workers,11.8,13.0,1.2,10.5,1.2,38430,High school diploma or equivalent
Animal scientists,3.5,3.9,0.3,9.7,0.4,63490,Bachelor's degree
Animal trainers,60.2,77.4,17.2,28.5,9.9,31520,High school diploma or equivalent
Anthropologists and archeologists,8.5,9.1,0.6,7.4,0.8,66130,Master's degree
"Anthropology and archeology teachers, postsecondary",6.7,7.2,0.5,8.1,0.7,89220,Doctoral or professional degree
"Arbitrators, mediators, and conciliators",6.9,7.6,0.7,9.7,0.4,66130,Bachelor's degree
"Architects, except landscape and naval",126.7,130.7,3.9,3.1,9.4,82320,Bachelor's degree
Architectural and civil drafters,99.9,99.0,-0.9,-0.9,9.3,57500,Associate's degree
Architectural and engineering managers,197.8,205.9,8.1,4.1,14.7,149530,Bachelor's degree
"Architecture teachers, postsecondary",8.5,9.2,0.7,8.3,0.9,90880,Doctoral or professional degree
Archivists,8.1,9.0,0.9,10.9,1.0,56760,Master's degree
"Area, ethnic, and cultural studies teachers, postsecondary",12.1,13.1,1.1,8.8,1.3,78840,Doctoral or professional degree
Art directors,98.5,109.4,10.8,11.0,11.5,97270,Bachelor's degree
"Art, drama, and music teachers, postsecondary",109.3,120.3,11.0,10.1,11.6,69690,Master's degree
"Artists and related workers, all other",12.6,13.8,1.2,9.5,1.5,65800,No formal educational credential
Astronomers,2.1,2.2,0.1,4.5,0.2,119730,Doctoral or professional degree
Athletes and sports competitors,16.7,23.0,6.3,38.0,3.4,50850,No formal educational credential
Athletic trainers,30.0,37.0,7.0,23.4,3.1,49860,Bachelor's degree
Atmospheric and space scientists,10.7,11.6,0.9,8.3,1.0,99740,Bachelor's degree
"Atmospheric, earth, marine, and space sciences teachers, postsecondary",13.6,14.5,0.9,6.4,1.4,94520,Doctoral or professional degree
Audio and video technicians,73.9,93.3,19.4,26.2,10.2,47920,Postsecondary nondegree award
Audiologists,13.7,15.8,2.1,15.7,0.8,81030,Doctoral or professional degree
Audiovisual equipment installers and repairers,29.9,28.8,-1.1,-3.8,3.0,41460,Postsecondary nondegree award
Automotive and watercraft service attendants,115.7,120.7,5.0,4.3,16.4,26540,No formal educational credential
Automotive body and related repairers,153.7,161.8,8.1,5.3,15.2,45350,High school diploma or equivalent
Automotive glass installers and repairers,19.7,21.5,1.7,8.8,2.3,37710,High school diploma or equivalent
Automotive service technicians and mechanics,703.8,705.9,2.1,0.3,69.0,44050,Postsecondary nondegree award
Avionics technicians,21.2,23.2,2.1,9.7,1.7,67840,Associate's degree
Baggage porters and bellhops,28.6,35.6,7.0,24.5,4.8,27050,High school diploma or equivalent
Bailiffs,18.5,18.6,0.1,0.4,1.7,48000,High school diploma or equivalent
Bakers,193.4,211.7,18.4,9.5,28.3,29400,No formal educational credential
Barbers,53.0,62.3,9.3,17.5,6.4,32470,Postsecondary nondegree award
Bartenders,492.3,652.3,159.9,32.5,111.3,24960,No formal educational credential
Bicycle repairers,12.1,12.5,0.4,3.7,1.4,32630,High school diploma or equivalent
Bill and account collectors,223.1,202.6,-20.5,-9.2,20.8,38100,High school diploma or equivalent
Billing and posting clerks,458.5,471.6,13.1,2.9,48.9,39590,High school diploma or equivalent
Biochemists and biophysicists,34.8,36.5,1.6,4.7,3.2,94270,Doctoral or professional degree
Bioengineers and biomedical engineers,19.3,20.5,1.1,5.9,1.4,92620,Bachelor's degree
"Biological science teachers, postsecondary",60.5,68.2,7.7,12.8,6.7,85600,Doctoral or professional degree
"Biological scientists, all other",46.2,47.9,1.7,3.7,4.2,85290,Bachelor's degree
Biological technicians,87.6,93.5,5.9,6.7,11.8,46340,Bachelor's degree
Boilermakers,14.9,14.7,-0.2,-1.0,1.3,65360,High school diploma or equivalent
"Bookkeeping, accounting, and auditing clerks",1620.0,1571.9,-48.1,-3.0,170.2,42410,"Some college, no degree"
Brickmasons and blockmasons,69.6,65.9,-3.7,-5.3,6.0,55080,High school diploma or equivalent
Bridge and lock tenders,3.2,3.3,0.1,2.8,0.4,52340,High school diploma or equivalent
Broadcast announcers and radio disc jockeys,30.7,33.9,3.2,10.3,3.3,36770,Bachelor's degree
Broadcast technicians,28.4,31.6,3.2,11.2,3.3,43570,Associate's degree
Brokerage clerks,45.5,41.1,-4.4,-9.8,4.2,55270,High school diploma or equivalent
Budget analysts,52.5,55.0,2.5,4.8,4.3,78970,Bachelor's degree
"Building cleaning workers, all other",18.4,19.1,0.7,3.5,2.6,34510,No formal educational credential
Bus and truck mechanics and diesel engine specialists,275.4,296.8,21.4,7.8,28.1,50200,High school diploma or equivalent
"Bus drivers, transit and intercity",165.2,200.0,34.8,21.0,24.6,45900,High school diploma or equivalent
"Business teachers, postsecondary",96.5,102.8,6.2,6.5,9.7,88010,Doctoral or professional degree
Butchers and meat cutters,145.0,137.2,-7.8,-5.4,15.4,32900,No formal educational credential
Buyers and purchasing agents,439.0,415.4,-23.6,-5.4,39.5,66690,Bachelor's degree
Cabinetmakers and bench carpenters,103.9,113.1,9.1,8.8,11.0,36710,High school diploma or equivalent
"Calibration technologists and technicians and engineering technologists and technicians, except drafters, all other",94.7,98.8,4.1,4.4,9.3,64190,Associate's degree
Camera and photographic equipment repairers,3.7,4.0,0.3,8.0,0.4,40330,High school diploma or equivalent
"Camera operators, television, video, and film",30.3,37.6,7.3,24.1,3.9,57200,Bachelor's degree
"Captains, mates, and pilots of water vessels",29.9,33.9,4.0,13.5,3.6,77130,Postsecondary nondegree award
Cardiovascular technologists and technicians,58.2,63.0,4.7,8.1,4.7,59100,Associate's degree
"Career/technical education teachers, middle school",11.5,12.4,0.9,7.4,0.9,62270,Bachelor's degree
"Career/technical education teachers, postsecondary",114.2,118.1,3.8,3.4,11.0,55620,Bachelor's degree
"Career/technical education teachers, secondary school",72.3,77.5,5.1,7.1,5.5,62460,Bachelor's degree
Cargo and freight agents,95.6,105.1,9.5,9.9,10.7,43770,High school diploma or equivalent
Carpenters,942.9,963.0,20.1,2.1,89.3,49520,High school diploma or equivalent
Carpet installers,32.6,30.7,-1.9,-5.9,2.5,41480,No formal educational credential
Cartographers and photogrammetrists,13.2,13.9,0.7,5.4,1.2,68380,Bachelor's degree
Cashiers,3379.1,3042.7,-336.4,-10.0,546.9,25020,No formal educational credential
Cement masons and concrete finishers,194.1,192.2,-1.9,-1.0,17.2,46000,No formal educational credential
Chefs and head cooks,110.7,138.7,28.0,25.3,18.8,53380,High school diploma or equivalent
Chemical engineers,26.3,28.7,2.4,9.3,1.8,108540,Bachelor's degree
Chemical equipment operators and tenders,93.5,88.6,-4.9,-5.3,8.6,50510,High school diploma or equivalent
Chemical plant and system operators,29.5,29.4,-0.1,-0.5,3.0,65960,High school diploma or equivalent
Chemical technicians,65.1,68.4,3.3,5.0,7.5,49820,Associate's degree
"Chemistry teachers, postsecondary",25.6,27.6,2.0,7.9,2.6,80400,Doctoral or professional degree
Chemists,85.4,91.1,5.7,6.7,8.4,79300,Bachelor's degree
Chief executives,292.5,275.7,-16.8,-5.7,17.5,185950,Bachelor's degree
"Child, family, and school social workers",335.3,377.4,42.2,12.6,36.7,48430,Bachelor's degree
Childcare workers,992.4,1076.6,84.2,8.5,150.3,25460,High school diploma or equivalent
Chiropractors,51.4,57.0,5.6,10.8,1.8,70720,Doctoral or professional degree
Choreographers,4.6,6.1,1.5,32.1,1.0,43680,High school diploma or equivalent
Civil engineering technologists and technicians,68.8,70.0,1.2,1.8,6.5,54080,Associate's degree
Civil engineers,309.8,335.1,25.3,8.2,25.0,88570,Bachelor's degree
"Claims adjusters, examiners, and investigators",333.8,324.7,-9.1,-2.7,24.0,68270,High school diploma or equivalent
Cleaners of vehicles and equipment,367.2,399.6,32.4,8.8,56.1,27640,No formal educational credential
"Cleaning, washing, and metal pickling equipment operators and tenders",14.7,15.7,0.9,6.3,1.7,32230,High school diploma or equivalent
Clergy,260.6,267.2,6.6,2.5,26.7,51940,Bachelor's degree
Clinical laboratory technologists and technicians,335.5,372.0,36.5,10.9,25.9,54180,Bachelor's degree
"Clinical, counseling, and school psychologists",118.8,131.1,12.3,10.4,9.4,79820,Doctoral or professional degree
Coaches and scouts,249.9,313.8,63.9,25.6,45.1,36330,Bachelor's degree
"Coating, painting, and spraying machine setters, operators, and tenders",143.4,154.2,10.8,7.5,15.9,39060,High school diploma or equivalent
"Coil winders, tapers, and finishers",12.4,10.9,-1.5,-12.4,1.1,37970,High school diploma or equivalent
"Coin, vending, and amusement machine servicers and repairers",27.2,29.7,2.4,9.0,3.6,37580,High school diploma or equivalent
Commercial and industrial designers,31.5,33.3,1.8,5.6,3.1,71640,Bachelor's degree
Commercial divers,4.0,4.7,0.7,16.8,0.5,54800,Postsecondary nondegree award
Commercial pilots,39.2,43.6,4.5,11.4,4.9,93300,High school diploma or equivalent
"Communications equipment operators, all other",4.4,5.0,0.6,13.8,0.5,46680,High school diploma or equivalent
"Communications teachers, postsecondary",33.6,36.0,2.4,7.3,3.4,71030,Doctoral or professional degree
"Community and social service specialists, all other",95.5,108.2,12.7,13.3,11.7,46770,Bachelor's degree
Community health workers,64.1,77.6,13.5,21.0,8.6,42000,High school diploma or equivalent
Compensation and benefits managers,18.7,19.4,0.7,4.0,1.5,125130,Bachelor's degree
"Compensation, benefits, and job analysis specialists",91.9,100.7,8.8,9.6,9.4,67190,Bachelor's degree
Compliance officers,348.7,370.3,21.6,6.2,30.0,71100,Bachelor's degree
Computer and information research scientists,33.0,40.2,7.2,21.9,3.2,126830,Master's degree
Computer and information systems managers,482.0,534.6,52.7,10.9,42.4,151150,Bachelor's degree
Computer hardware engineers,66.2,67.3,1.0,1.5,4.5,119560,Bachelor's degree
Computer network architects,165.2,174.2,9.0,5.5,11.0,116780,Bachelor's degree
Computer network support specialists,189.8,204.0,14.2,7.5,15.5,65450,Associate's degree
Computer numerically controlled tool operators,158.4,154.5,-3.9,-2.5,16.5,42260,High school diploma or equivalent
Computer numerically controlled tool programmers,27.1,34.5,7.4,27.4,4.1,57740,Postsecondary nondegree award
"Computer occupations, all other",442.2,483.0,40.7,9.2,37.5,92870,Bachelor's degree
Computer programmers,185.7,167.3,-18.3,-9.9,9.7,89190,Bachelor's degree
"Computer science teachers, postsecondary",37.8,40.4,2.6,6.9,3.8,85540,Doctoral or professional degree
Computer systems analysts,607.8,650.6,42.8,7.0,47.5,93730,Bachelor's degree
Computer user support specialists,654.8,712.8,58.0,8.9,54.8,52690,"Some college, no degree"
"Computer, automated teller, and office machine repairers",102.4,100.2,-2.2,-2.2,10.5,41090,"Some college, no degree"
Concierges,37.1,44.5,7.4,20.0,6.0,32380,High school diploma or equivalent
Conservation scientists,25.3,26.8,1.5,6.1,2.5,64020,Bachelor's degree
Construction and building inspectors,129.3,125.6,-3.8,-2.9,14.3,62860,High school diploma or equivalent
Construction laborers,1285.2,1388.3,103.2,8.0,140.1,37890,No formal educational credential
Construction managers,448.0,499.4,51.4,11.5,38.9,97180,Bachelor's degree
Continuous mining machine operators,15.2,16.1,0.9,5.7,1.9,56920,No formal educational credential
"Control and valve installers and repairers, except mechanical door",50.8,51.9,1.1,2.3,4.2,60580,High school diploma or equivalent
Conveyor operators and tenders,27.3,29.0,1.7,6.1,3.5,35770,No formal educational credential
"Cooks, all other",20.5,23.3,2.9,14.0,3.5,30460,No formal educational credential
"Cooks, fast food",547.8,536.2,-11.6,-2.1,77.1,24380,No formal educational credential
"Cooks, institution and cafeteria",394.6,421.5,27.0,6.8,61.6,28650,No formal educational credential
"Cooks, private household",40.9,41.8,0.9,2.1,6.1,32630,Postsecondary nondegree award
"Cooks, restaurant",1153.2,1716.7,563.5,48.9,263.6,28800,No formal educational credential
"Cooks, short order",124.5,136.4,11.9,9.6,20.0,26570,No formal educational credential
Cooling and freezing equipment operators and tenders,8.4,8.9,0.5,6.0,1.0,37650,High school diploma or equivalent
Correctional officers and jailers,418.5,388.5,-30.0,-7.2,34.0,47410,High school diploma or equivalent
Correspondence clerks,7.0,6.8,-0.2,-2.9,0.7,38400,High school diploma or equivalent
Cost estimators,199.4,200.6,1.2,0.6,17.8,66610,Bachelor's degree
Costume attendants,5.4,7.7,2.4,44.3,1.6,42910,High school diploma or equivalent
"Counselors, all other",54.3,59.2,4.8,8.9,5.7,45760,Master's degree
Counter and rental clerks,372.1,401.5,29.4,7.9,46.8,30870,No formal educational credential
Couriers and messengers,142.2,130.5,-11.7,-8.2,11.8,30980,High school diploma or equivalent
Court reporters and simultaneous captioners,21.3,21.8,0.5,2.5,2.1,61660,Postsecondary nondegree award
"Court, municipal, and license clerks",162.1,171.6,9.5,5.8,17.5,40930,High school diploma or equivalent
Craft artists,9.6,10.9,1.3,13.2,1.2,35180,No formal educational credential
Crane and tower operators,44.8,47.2,2.4,5.4,5.0,59710,High school diploma or equivalent
Credit analysts,73.0,68.8,-4.3,-5.8,5.5,74970,Bachelor's degree
"Credit authorizers, checkers, and clerks",25.3,24.1,-1.2,-4.8,2.3,41730,High school diploma or equivalent
Credit counselors,33.8,36.9,3.0,9.0,3.0,46170,Bachelor's degree
"Crematory operators and personal care and service workers, all other",80.5,100.5,19.9,24.8,13.9,28420,High school diploma or equivalent
"Criminal justice and law enforcement teachers, postsecondary",16.1,17.9,1.8,11.1,1.7,63560,Doctoral or professional degree
Crossing guards and flaggers,85.5,97.0,11.5,13.4,19.1,30790,No formal educational credential
"Crushing, grinding, and polishing machine setters, operators, and tenders",32.6,32.5,-0.1,-0.4,3.5,39370,High school diploma or equivalent
Curators,13.4,16.3,2.9,21.6,1.9,56990,Master's degree
Customer service representatives,2923.4,2888.8,-34.5,-1.2,361.7,35830,High school diploma or equivalent
"Cutters and trimmers, hand",8.1,5.7,-2.4,-29.7,0.6,31630,No formal educational credential
"Cutting and slicing machine setters, operators, and tenders",53.6,51.7,-1.9,-3.5,6.2,36980,High school diploma or equivalent
"Cutting, punching, and press machine setters, operators, and tenders, metal and plastic",182.0,177.5,-4.5,-2.4,17.6,36980,High school diploma or equivalent
Dancers,9.0,11.7,2.7,30.0,1.9,0,No formal educational credential
Data entry keyers,158.4,122.8,-35.6,-22.5,11.6,34440,High school diploma or equivalent
"Data scientists and mathematical science occupations, all other",63.2,83.0,19.8,31.4,7.1,98230,Bachelor's degree
Database administrators and architects,168.0,181.2,13.2,7.8,13.9,98860,Bachelor's degree
Demonstrators and product promoters,76.3,81.9,5.6,7.3,14.6,32500,No formal educational credential
Dental assistants,330.2,367.0,36.9,11.2,44.0,41180,Postsecondary nondegree award
Dental hygienists,206.1,229.2,23.1,11.2,15.6,77090,Associate's degree
Dental laboratory technicians,33.1,37.2,4.0,12.2,4.9,42110,High school diploma or equivalent
"Dentists, all other specialists",6.8,7.1,0.3,5.0,0.2,183300,Doctoral or professional degree
"Dentists, general",120.3,130.0,9.8,8.1,4.3,158940,Doctoral or professional degree
"Derrick operators, oil and gas",9.0,11.7,2.7,29.7,1.5,47920,No formal educational credential
"Designers, all other",31.6,31.6,0.0,0.0,2.8,63750,Bachelor's degree
Desktop publishers,8.2,7.2,-1.0,-12.3,0.8,47560,Associate's degree
Detectives and criminal investigators,112.5,115.3,2.8,2.5,8.4,86940,High school diploma or equivalent
Diagnostic medical sonographers,75.9,90.3,14.4,19.0,7.3,75920,Associate's degree
Dietetic technicians,26.8,28.8,2.0,7.4,2.2,30110,Associate's degree
Dietitians and nutritionists,73.0,80.8,7.8,10.7,5.9,63090,Bachelor's degree
Dining room and cafeteria attendants and bartender helpers,389.0,492.5,103.6,26.6,86.5,25010,No formal educational credential
"Directors, religious activities and education",149.6,152.8,3.2,2.2,17.4,45110,Bachelor's degree
Dishwashers,408.5,486.3,77.8,19.0,78.8,25270,No formal educational credential
"Dispatchers, except police, fire, and ambulance",192.1,200.4,8.3,4.3,18.7,40980,High school diploma or equivalent
"Door-to-door sales workers, news and street vendors",54.0,41.0,-13.0,-24.1,4.7,29730,No formal educational credential
"Drafters, all other",14.4,13.6,-0.8,-5.4,1.2,54500,Associate's degree
Dredge operators,2.0,2.1,0.1,5.2,0.3,49210,High school diploma or equivalent
"Drilling and boring machine tool setters, operators, and tenders, metal and plastic",9.1,7.7,-1.4,-15.5,0.7,39780,High school diploma or equivalent
Driver/sales workers,458.2,540.0,81.9,17.9,62.5,27960,High school diploma or equivalent
Drywall and ceiling tile installers,121.2,127.2,6.0,4.9,10.7,47460,No formal educational credential
"Earth drillers, except oil and gas; and explosives workers, ordnance handling experts, and blasters",23.2,25.1,1.8,8.0,3.0,48510,High school diploma or equivalent
"Economics teachers, postsecondary",16.0,17.4,1.4,9.0,1.7,107260,Doctoral or professional degree
Economists,18.6,21.0,2.4,13.1,1.6,108350,Master's degree
Editors,108.6,114.1,5.6,5.1,11.2,63400,Bachelor's degree
"Education administrators, all other",50.5,56.9,6.4,12.6,4.5,87580,Bachelor's degree
"Education administrators, kindergarten through secondary",270.2,291.3,21.2,7.8,22.1,98490,Master's degree
"Education administrators, postsecondary",178.8,192.2,13.4,7.5,14.5,97500,Master's degree
"Education and childcare administrators, preschool and daycare",60.8,67.7,6.9,11.4,5.3,49160,Bachelor's degree
"Education teachers, postsecondary",70.0,75.8,5.8,8.3,7.2,65440,Doctoral or professional degree
"Educational instruction and library workers, all other",157.0,169.5,12.5,8.0,16.4,41570,Bachelor's degree
"Educational, guidance, and career counselors and advisors",322.0,359.0,37.0,11.5,35.0,58120,Master's degree
"Electric motor, power tool, and related repairers",17.8,19.1,1.2,6.9,1.9,46590,High school diploma or equivalent
Electrical and electronic engineering technologists and technicians,117.0,118.9,1.9,1.6,11.0,67550,Associate's degree
Electrical and electronics drafters,24.0,24.5,0.6,2.3,2.3,62100,Associate's degree
"Electrical and electronics installers and repairers, transportation equipment",9.1,9.7,0.6,6.7,0.8,70200,Postsecondary nondegree award
"Electrical and electronics repairers, commercial and industrial equipment",56.4,59.0,2.5,4.5,4.7,62010,Postsecondary nondegree award
"Electrical and electronics repairers, powerhouse, substation, and relay",23.1,22.5,-0.5,-2.4,1.7,85340,Postsecondary nondegree award
Electrical engineers,188.0,200.7,12.7,6.8,13.7,100830,Bachelor's degree
Electrical power-line installers and repairers,115.9,117.4,1.5,1.3,10.2,75030,High school diploma or equivalent
"Electrical, electronic, and electromechanical assemblers, except coil winders, tapers, and finishers",284.8,304.4,19.5,6.9,32.7,36390,High school diploma or equivalent
Electricians,729.6,795.7,66.1,9.1,84.7,56900,High school diploma or equivalent
Electro-mechanical and mechatronics technologists and technicians,13.4,13.1,-0.2,-1.7,1.2,59800,Associate's degree
"Electronic equipment installers and repairers, motor vehicles",10.2,8.5,-1.6,-16.2,0.6,39570,High school diploma or equivalent
"Electronics engineers, except computer",125.2,132.9,7.7,6.2,9.0,107540,Bachelor's degree
"Elementary school teachers, except special education",1371.1,1472.9,101.7,7.4,110.8,60940,Bachelor's degree
Elevator and escalator installers and repairers,24.8,26.3,1.5,6.1,2.5,88540,High school diploma or equivalent
"Eligibility interviewers, government programs",145.4,150.9,5.6,3.8,13.7,47110,High school diploma or equivalent
Embalmers,5.0,5.0,0.0,0.0,0.7,47630,Associate's degree
Emergency management directors,10.5,11.1,0.7,6.2,1.0,76250,Bachelor's degree
Emergency medical technicians and paramedics,261.3,289.9,28.6,11.0,20.7,36650,Postsecondary nondegree award
Engine and other machine assemblers,43.7,38.5,-5.1,-11.8,4.0,45770,High school diploma or equivalent
"Engineering teachers, postsecondary",46.3,52.1,5.8,12.5,5.1,103600,Doctoral or professional degree
"Engineers, all other",167.1,171.6,4.4,2.7,11.0,103380,Bachelor's degree
"English language and literature teachers, postsecondary",75.0,79.6,4.7,6.2,7.5,69000,Doctoral or professional degree
"Entertainment attendants and related workers, all other",3.9,5.3,1.4,35.4,1.1,27230,High school diploma or equivalent
Environmental engineering technologists and technicians,17.3,18.6,1.3,7.8,1.8,51630,Associate's degree
Environmental engineers,52.3,54.3,1.9,3.7,4.0,92120,Bachelor's degree
"Environmental science and protection technicians, including health",34.2,37.8,3.6,10.6,4.7,46850,Associate's degree
"Environmental science teachers, postsecondary",7.1,7.6,0.5,6.8,0.7,84740,Doctoral or professional degree
"Environmental scientists and specialists, including health",87.1,94.4,7.3,8.4,9.4,73230,Bachelor's degree
Epidemiologists,7.8,10.2,2.3,29.6,0.9,74560,Master's degree
Etchers and engravers,9.9,10.1,0.2,2.4,1.3,31790,High school diploma or equivalent
"Excavating and loading machine and dragline operators, surface mining",41.3,43.1,1.8,4.5,5.1,45150,High school diploma or equivalent
Executive secretaries and administrative assistants,538.8,438.2,-100.6,-18.7,42.1,63110,High school diploma or equivalent
Exercise physiologists,18.0,20.4,2.4,13.1,1.5,50280,Bachelor's degree
Exercise trainers and group fitness instructors,309.8,431.4,121.7,39.3,69.1,40510,High school diploma or equivalent
"Extruding and drawing machine setters, operators, and tenders, metal and plastic",70.5,65.2,-5.3,-7.5,6.0,37530,High school diploma or equivalent
"Extruding and forming machine setters, operators, and tenders, synthetic and glass fibers",16.2,15.5,-0.7,-4.3,1.8,37160,High school diploma or equivalent
"Extruding, forming, pressing, and compacting machine setters, operators, and tenders",65.6,66.3,0.8,1.2,6.7,36560,High school diploma or equivalent
Fabric and apparel patternmakers,4.7,4.2,-0.5,-9.7,0.5,49680,High school diploma or equivalent
Fallers,5.6,5.5,-0.1,-1.3,0.8,43190,High school diploma or equivalent
"Family and consumer sciences teachers, postsecondary",2.6,2.8,0.2,5.8,0.3,72220,Doctoral or professional degree
Family medicine physicians,107.7,113.0,5.3,4.9,3.5,207380,Doctoral or professional degree
Farm and home management educators,9.3,9.2,-0.1,-1.2,0.8,51550,Master's degree
Farm equipment mechanics and service technicians,47.6,52.9,5.3,11.1,5.4,43880,High school diploma or equivalent
Farm labor contractors,0.2,0.3,0.0,0.0,0.0,47780,No formal educational credential
"Farmers, ranchers, and other agricultural managers",888.3,882.6,-5.8,-0.7,84.8,68090,High school diploma or equivalent
"Farmworkers and laborers, crop, nursery, and greenhouse",526.3,554.3,28.0,5.3,87.4,28660,No formal educational credential
"Farmworkers, farm, ranch, and aquacultural animals",256.9,235.5,-21.3,-8.3,36.4,29130,No formal educational credential
Fashion designers,27.8,28.0,0.1,0.5,2.5,75810,Bachelor's degree
Fast food and counter workers,3455.5,3973.0,517.5,15.0,804.6,23860,No formal educational credential
Fence erectors,28.0,29.2,1.2,4.3,3.0,37550,No formal educational credential
Fiberglass laminators and fabricators,19.2,19.1,-0.1,-0.4,2.1,36950,High school diploma or equivalent
File clerks,99.7,87.1,-12.6,-12.6,9.6,34090,High school diploma or equivalent
Film and video editors,33.0,43.9,11.0,33.2,4.7,67250,Bachelor's degree
"Financial and investment analysts, financial risk specialists, and financial specialists, all other",492.1,523.4,31.3,6.4,41.0,83660,Bachelor's degree
"Financial clerks, all other",31.9,34.3,2.4,7.5,3.7,44160,High school diploma or equivalent
Financial examiners,70.8,83.5,12.7,17.9,6.9,81430,Bachelor's degree
Financial managers,681.7,799.9,118.2,17.3,64.2,134180,Bachelor's degree
"Fine artists, including painters, sculptors, and illustrators",25.9,30.4,4.5,17.3,3.3,52340,Bachelor's degree
Fire inspectors and investigators,14.7,16.0,1.3,8.9,1.7,64610,Postsecondary nondegree award
Firefighters,317.2,344.1,26.9,8.5,27.0,52500,Postsecondary nondegree award
First-line supervisors of construction trades and extraction workers,692.2,735.3,43.1,6.2,70.7,67840,High school diploma or equivalent
First-line supervisors of correctional officers,55.3,53.8,-1.5,-2.8,4.1,60910,High school diploma or equivalent
"First-line supervisors of farming, fishing, and forestry workers",53.2,57.8,4.6,8.7,8.3,50080,High school diploma or equivalent
First-line supervisors of firefighting and prevention workers,70.2,76.0,5.8,8.2,5.3,78870,Postsecondary nondegree award
First-line supervisors of food preparation and serving workers,915.4,1106.1,190.8,20.8,167.2,34570,High school diploma or equivalent
First-line supervisors of gambling services workers,22.0,26.7,4.7,21.4,3.0,50440,High school diploma or equivalent
First-line supervisors of housekeeping and janitorial workers,225.5,238.8,13.2,5.9,27.3,42040,High school diploma or equivalent
"First-line supervisors of landscaping, lawn service, and groundskeeping workers",181.3,188.6,7.3,4.0,19.7,51010,High school diploma or equivalent
"First-line supervisors of mechanics, installers, and repairers",484.1,515.8,31.7,6.6,47.4,70240,High school diploma or equivalent
First-line supervisors of non-retail sales workers,376.4,357.6,-18.8,-5.0,30.6,78560,High school diploma or equivalent
First-line supervisors of office and administrative support workers,1487.3,1464.4,-22.9,-1.5,142.7,58450,High school diploma or equivalent
"First-line supervisors of personal service and entertainment and recreation workers, except gambling services",200.4,248.8,48.4,24.2,28.6,42000,High school diploma or equivalent
First-line supervisors of police and detectives,125.8,134.3,8.5,6.8,9.1,92970,High school diploma or equivalent
First-line supervisors of production and operating workers,616.8,639.6,22.7,3.7,63.4,62850,High school diploma or equivalent
First-line supervisors of retail sales workers,1390.6,1300.4,-90.2,-6.5,131.8,41580,High school diploma or equivalent
"First-line supervisors of transportation and material-moving workers, except aircraft cargo handling supervisors",536.1,567.0,30.9,5.8,61.5,54870,High school diploma or equivalent
Fish and game wardens,7.5,7.5,0.0,0.0,0.8,58040,Bachelor's degree
Fishing and hunting workers,32.3,35.8,3.4,10.6,5.3,0,No formal educational credential
Flight attendants,102.5,133.6,31.1,30.4,17.6,59050,High school diploma or equivalent
"Floor layers, except carpet, wood, and hard tiles",23.7,26.6,2.9,12.3,2.4,45520,No formal educational credential
Floor sanders and finishers,7.2,7.5,0.3,4.5,0.7,38850,No formal educational credential
Floral designers,42.3,33.8,-8.5,-20.1,2.6,29140,High school diploma or equivalent
"Food and tobacco roasting, baking, and drying machine operators and tenders",19.0,19.9,0.8,4.4,2.3,32480,No formal educational credential
Food batchmakers,159.3,168.3,8.9,5.6,20.7,32710,High school diploma or equivalent
Food cooking machine operators and tenders,26.8,28.2,1.4,5.1,4.8,33010,High school diploma or equivalent
"Food preparation and serving related workers, all other",71.2,87.4,16.2,22.8,15.3,27080,No formal educational credential
Food preparation workers,821.2,873.8,52.6,6.4,149.8,26070,No formal educational credential
"Food processing workers, all other",45.0,46.7,1.7,3.8,4.8,29620,No formal educational credential
Food scientists and technologists,15.0,16.1,1.0,6.7,1.7,73450,Bachelor's degree
"Food servers, nonrestaurant",251.3,286.0,34.7,13.8,45.7,25910,No formal educational credential
Food service managers,309.8,355.9,46.2,14.9,41.4,56590,High school diploma or equivalent
"Foreign language and literature teachers, postsecondary",27.1,29.7,2.6,9.4,2.9,69920,Doctoral or professional degree
Forensic science technicians,17.2,19.8,2.7,15.6,2.5,60590,Bachelor's degree
Forest and conservation technicians,33.0,33.3,0.2,0.7,4.0,38940,Associate's degree
Forest and conservation workers,12.6,11.6,-1.0,-8.0,1.8,30640,High school diploma or equivalent
Forest fire inspectors and prevention specialists,3.0,3.7,0.7,23.9,0.4,42150,High school diploma or equivalent
Foresters,13.7,15.1,1.4,10.0,1.4,63980,Bachelor's degree
"Forestry and conservation science teachers, postsecondary",1.7,1.8,0.1,5.5,0.2,87400,Doctoral or professional degree
"Forging machine setters, operators, and tenders, metal and plastic",13.7,11.9,-1.8,-13.2,1.1,41430,High school diploma or equivalent
Foundry mold and coremakers,15.8,15.3,-0.5,-3.3,1.5,37140,High school diploma or equivalent
Fundraisers,101.3,117.5,16.1,15.9,12.0,59610,Bachelor's degree
Funeral attendants,42.3,43.7,1.4,3.3,5.8,29150,High school diploma or equivalent
Funeral home managers,12.5,12.9,0.4,3.2,1.0,74200,Associate's degree
"Furnace, kiln, oven, drier, and kettle operators and tenders",17.8,18.7,0.9,4.9,1.8,40670,High school diploma or equivalent
Furniture finishers,18.1,19.1,1.0,5.8,2.6,32970,High school diploma or equivalent
Gambling and sports book writers and runners,8.0,10.3,2.3,28.5,1.5,25220,High school diploma or equivalent
Gambling cage workers,11.3,13.5,2.2,19.5,1.5,28650,High school diploma or equivalent
Gambling change persons and booth cashiers,14.7,17.3,2.7,18.1,3.2,27080,No formal educational credential
Gambling dealers,74.1,91.9,17.8,24.0,13.8,23740,High school diploma or equivalent
Gambling managers,3.9,4.7,0.8,20.1,0.4,75470,High school diploma or equivalent
"Gambling service workers, all other",9.2,11.7,2.5,27.2,1.8,29360,High school diploma or equivalent
Gambling surveillance officers and gambling investigators,8.7,10.1,1.4,15.5,1.4,35300,High school diploma or equivalent
Gas compressor and gas pumping station operators,4.1,4.0,-0.1,-1.4,0.4,67840,High school diploma or equivalent
Gas plant operators,15.1,14.8,-0.3,-1.8,1.5,72970,High school diploma or equivalent
General and operations managers,2411.9,2638.2,226.3,9.4,229.6,103650,Bachelor's degree
General internal medicine physicians,55.5,55.1,-0.4,-0.7,1.5,208000,Doctoral or professional degree
Genetic counselors,2.4,3.1,0.6,26.2,0.3,85700,Master's degree
Geographers,1.6,1.7,0.0,0.0,0.1,85430,Bachelor's degree
"Geography teachers, postsecondary",4.4,4.7,0.3,6.3,0.4,82330,Doctoral or professional degree
Geological and hydrologic technicians,16.8,18.3,1.5,8.7,2.3,50630,Associate's degree
"Geoscientists, except hydrologists and geographers",29.0,31.0,2.0,7.0,3.1,93580,Bachelor's degree
Glaziers,53.6,56.1,2.5,4.7,6.0,46080,High school diploma or equivalent
"Graders and sorters, agricultural products",32.5,32.1,-0.5,-1.4,4.7,28220,No formal educational credential
Graphic designers,254.1,261.4,7.3,2.9,23.9,53380,Bachelor's degree
"Grinding and polishing workers, hand",23.7,20.5,-3.2,-13.6,2.1,31750,No formal educational credential
"Grinding, lapping, polishing, and buffing machine tool setters, operators, and tenders, metal and plastic",69.4,67.1,-2.3,-3.3,7.5,36880,High school diploma or equivalent
"Grounds maintenance workers, all other",15.3,16.6,1.3,8.6,2.2,34210,No formal educational credential
"Hairdressers, hairstylists, and cosmetologists",569.6,680.1,110.5,19.4,78.9,27380,Postsecondary nondegree award
Hazardous materials removal workers,44.5,47.4,2.9,6.6,5.8,45270,High school diploma or equivalent
"Health and safety engineers, except mining safety engineers and inspectors",24.1,25.6,1.5,6.1,1.7,94240,Bachelor's degree
Health education specialists,61.1,68.7,7.6,12.4,7.4,56500,Bachelor's degree
"Health information technologists, medical registrars, surgical assistants, and healthcare practitioners and technical workers, all other",81.4,89.9,8.6,10.5,6.9,51840,Postsecondary nondegree award
"Health specialties teachers, postsecondary",242.7,301.6,58.9,24.3,30.8,99090,Doctoral or professional degree
Healthcare social workers,184.9,209.3,24.4,13.2,20.4,57630,Master's degree
"Healthcare support workers, all other",100.5,111.0,10.6,10.5,13.9,39530,High school diploma or equivalent
Hearing aid specialists,8.0,8.9,0.9,11.3,0.7,52630,High school diploma or equivalent
"Heat treating equipment setters, operators, and tenders, metal and plastic",16.9,16.2,-0.7,-4.0,1.6,39530,High school diploma or equivalent
"Heating, air conditioning, and refrigeration mechanics and installers",380.4,399.4,19.0,5.0,38.5,50590,Postsecondary nondegree award
Heavy and tractor-trailer truck drivers,1951.6,2073.6,122.1,6.3,231.1,47130,Postsecondary nondegree award
"Helpers, construction trades, all other",27.8,29.5,1.7,5.9,3.5,33360,No formal educational credential
"Helpers--brickmasons, blockmasons, stonemasons, and tile and marble setters",20.9,20.1,-0.8,-3.9,2.3,36990,No formal educational credential
Helpers--carpenters,31.0,31.2,0.2,0.7,3.7,34280,No formal educational credential
Helpers--electricians,75.5,76.2,0.7,0.9,8.9,33840,High school diploma or equivalent
Helpers--extraction workers,12.6,15.5,2.9,23.0,1.9,37860,High school diploma or equivalent
"Helpers--installation, maintenance, and repair workers",92.9,99.8,6.9,7.4,12.9,31760,High school diploma or equivalent
"Helpers--painters, paperhangers, plasterers, and stucco masons",9.4,10.0,0.6,6.8,1.2,31640,No formal educational credential
"Helpers--pipelayers, plumbers, pipefitters, and steamfitters",56.2,59.4,3.1,5.6,7.1,33590,High school diploma or equivalent
Helpers--production workers,238.0,227.2,-10.8,-4.5,31.8,30500,High school diploma or equivalent
Helpers--roofers,8.2,8.6,0.4,4.8,1.0,33260,No formal educational credential
Highway maintenance workers,153.8,163.1,9.3,6.0,17.1,41660,High school diploma or equivalent
Historians,3.1,3.3,0.2,5.5,0.3,63100,Master's degree
"History teachers, postsecondary",24.4,26.3,1.9,7.9,2.5,76890,Doctoral or professional degree
Hoist and winch operators,5.0,5.2,0.2,3.4,0.6,62610,No formal educational credential
Home appliance repairers,31.6,30.4,-1.1,-3.6,2.9,41610,High school diploma or equivalent
Home health and personal care aides,3470.7,4600.6,1129.9,32.6,599.8,27080,High school diploma or equivalent
"Hosts and hostesses, restaurant, lounge, and coffee shop",333.6,417.8,84.2,25.3,95.2,23880,No formal educational credential
"Hotel, motel, and resort desk clerks",221.0,257.3,36.3,16.4,42.8,25490,High school diploma or equivalent
"Human resources assistants, except payroll and timekeeping",112.0,108.8,-3.2,-2.9,10.6,43250,Associate's degree
Human resources managers,161.7,176.5,14.8,9.2,14.8,121220,Bachelor's degree
Human resources specialists,674.8,745.1,70.2,10.4,73.4,63490,Bachelor's degree
Hydrologists,6.5,6.9,0.4,5.6,0.7,84040,Bachelor's degree
Industrial engineering technologists and technicians,64.1,66.9,2.8,4.4,6.3,57320,Associate's degree
Industrial engineers,292.0,332.0,40.0,13.7,23.3,88950,Bachelor's degree
Industrial machinery mechanics,391.8,475.3,83.6,21.3,45.1,55490,High school diploma or equivalent
Industrial production managers,189.3,199.3,10.0,5.3,13.9,108790,Bachelor's degree
Industrial truck and tractor operators,631.6,680.3,48.7,7.7,75.0,37560,No formal educational credential
Industrial-organizational psychologists,4.9,5.0,0.1,2.2,0.3,96270,Master's degree
"Information and record clerks, all other",159.9,168.1,8.2,5.1,18.3,42820,High school diploma or equivalent
Information security analysts,141.2,188.3,47.1,33.3,16.3,103590,Bachelor's degree
"Inspectors, testers, sorters, samplers, and weighers",557.9,489.8,-68.1,-12.2,54.9,40460,High school diploma or equivalent
"Installation, maintenance, and repair workers, all other",173.2,183.4,10.2,5.9,19.2,42480,High school diploma or equivalent
Instructional coordinators,190.4,208.9,18.4,9.7,20.4,66970,Master's degree
"Insulation workers, floor, ceiling, and wall",33.3,34.9,1.6,4.9,3.3,41690,No formal educational credential
"Insulation workers, mechanical",28.2,29.6,1.4,5.1,2.8,50030,High school diploma or equivalent
"Insurance appraisers, auto damage",15.6,15.7,0.1,0.6,1.2,65550,Postsecondary nondegree award
Insurance claims and policy processing clerks,277.9,281.8,3.9,1.4,26.7,42050,High school diploma or equivalent
Insurance sales agents,507.2,542.7,35.5,7.0,50.4,52180,High school diploma or equivalent
Insurance underwriters,119.4,117.2,-2.2,-1.8,8.3,71790,Bachelor's degree
Interior designers,87.0,86.9,-0.2,-0.2,7.8,57060,Bachelor's degree
Interpreters and translators,81.4,100.7,19.3,23.7,10.4,52330,Bachelor's degree
"Interviewers, except eligibility and loan",180.2,168.4,-11.8,-6.5,20.1,36170,High school diploma or equivalent
"Janitors and cleaners, except maids and housekeeping cleaners",2217.0,2344.2,127.2,5.7,314.9,29080,No formal educational credential
Jewelers and precious stone and metal workers,32.4,32.1,-0.3,-0.8,3.8,41900,High school diploma or equivalent
"Judges, magistrate judges, and magistrates",29.4,30.4,1.0,3.4,1.5,141080,Doctoral or professional degree
Judicial law clerks,15.1,15.7,0.6,3.9,1.1,57510,Doctoral or professional degree
"Kindergarten teachers, except special education",121.3,131.1,9.8,8.1,13.5,57860,Bachelor's degree
Labor relations specialists,73.5,70.3,-3.2,-4.3,6.4,73240,Bachelor's degree
"Laborers and freight, stock, and material movers, hand",2821.7,3077.5,255.8,9.1,411.3,31120,No formal educational credential
Landscape architects,23.7,23.6,-0.1,-0.3,1.6,70630,Bachelor's degree
Landscaping and groundskeeping workers,1117.8,1202.8,85.0,7.6,157.9,31730,No formal educational credential
"Lathe and turning machine tool setters, operators, and tenders, metal and plastic",23.7,22.7,-1.0,-4.4,2.2,41380,High school diploma or equivalent
Laundry and dry-cleaning workers,175.5,196.1,20.6,11.8,26.6,25470,No formal educational credential
"Law teachers, postsecondary",18.9,21.0,2.0,10.6,2.0,116430,Doctoral or professional degree
Lawyers,804.2,875.7,71.5,8.9,46.0,126930,Doctoral or professional degree
"Layout workers, metal and plastic",7.9,7.3,-0.5,-6.6,0.7,52300,High school diploma or equivalent
Legal secretaries and administrative assistants,160.4,126.7,-33.6,-21.0,12.0,48980,High school diploma or equivalent
"Legal support workers, all other",49.6,49.8,0.2,0.5,4.7,59540,Associate's degree
Legislators,52.2,56.1,4.0,7.6,4.3,33200,Bachelor's degree
Librarians and media collections specialists,143.5,156.5,13.0,9.1,15.2,60820,Master's degree
"Library assistants, clerical",88.0,87.5,-0.5,-0.6,13.4,28730,High school diploma or equivalent
"Library science teachers, postsecondary",5.0,5.3,0.3,5.9,0.5,71580,Doctoral or professional degree
Library technicians,93.1,93.2,0.1,0.2,13.4,37010,Postsecondary nondegree award
Licensed practical and licensed vocational nurses,688.1,751.9,63.8,9.3,60.7,48820,Postsecondary nondegree award
"Life scientists, all other",7.0,7.6,0.6,8.4,0.6,82000,Bachelor's degree
"Life, physical, and social science technicians, all other",69.7,75.5,5.8,8.3,9.3,52460,Associate's degree
"Lifeguards, ski patrol, and other recreational protective service workers",117.5,146.3,28.7,24.5,35.7,25020,No formal educational credential
Light truck drivers,1035.8,1136.8,101.1,9.8,128.3,37050,High school diploma or equivalent
"Lighting technicians and media and communication equipment workers, all other",23.3,27.1,3.8,16.2,2.9,70980,High school diploma or equivalent
"Loading and moving machine operators, underground mining",3.5,3.3,-0.2,-5.5,0.4,56640,No formal educational credential
Loan interviewers and clerks,208.8,203.8,-5.0,-2.4,17.6,41370,High school diploma or equivalent
Loan officers,322.1,326.4,4.3,1.3,25.0,63960,Bachelor's degree
"Locker room, coatroom, and dressing room attendants",12.0,15.2,3.2,26.3,3.2,26700,High school diploma or equivalent
Locksmiths and safe repairers,19.2,18.8,-0.5,-2.3,1.8,43690,High school diploma or equivalent
Locomotive engineers,26.5,27.9,1.5,5.6,2.5,71870,High school diploma or equivalent
Lodging managers,48.1,52.2,4.2,8.7,5.8,56670,High school diploma or equivalent
Log graders and scalers,4.0,4.3,0.3,7.7,0.7,36900,High school diploma or equivalent
Logging equipment operators,30.9,33.5,2.5,8.1,5.1,43210,High school diploma or equivalent
"Logging workers, all other",5.0,5.3,0.3,6.3,0.8,41410,High school diploma or equivalent
Logisticians,191.0,247.3,56.4,29.5,24.5,76270,Bachelor's degree
Machine feeders and offbearers,63.0,66.9,3.9,6.3,8.8,33000,No formal educational credential
Machinists,363.0,391.8,28.8,7.9,41.2,45840,High school diploma or equivalent
Magnetic resonance imaging technologists,42.0,45.3,3.4,8.1,3.4,74690,Associate's degree
Maids and housekeeping cleaners,1212.8,1350.3,137.5,11.3,183.3,26220,No formal educational credential
"Mail clerks and mail machine operators, except postal service",82.2,78.7,-3.4,-4.2,8.8,31920,High school diploma or equivalent
"Maintenance and repair workers, general",1444.1,1561.1,117.0,8.1,152.3,40850,High school diploma or equivalent
"Maintenance workers, machinery",65.6,72.6,7.0,10.7,6.8,50100,High school diploma or equivalent
"Makeup artists, theatrical and performance",3.1,4.2,1.1,37.0,0.5,106920,Postsecondary nondegree award
Management analysts,907.6,1032.0,124.4,13.7,99.4,87660,Bachelor's degree
Manicurists and pedicurists,123.0,163.1,40.1,32.6,18.8,27870,Postsecondary nondegree award
Manufactured building and mobile home installers,3.4,2.8,-0.6,-18.4,0.3,35120,High school diploma or equivalent
Marine engineers and naval architects,9.8,10.2,0.4,3.9,0.5,95440,Bachelor's degree
Market research analysts and marketing specialists,740.9,904.5,163.6,22.1,96.0,65810,Bachelor's degree
Marketing managers,293.7,323.1,29.4,10.0,28.5,142170,Bachelor's degree
Marriage and family therapists,73.2,85.1,12.0,16.4,8.5,51340,Master's degree
Massage therapists,144.6,191.1,46.5,32.2,23.3,43620,Postsecondary nondegree award
"Material moving workers, all other",27.1,29.6,2.5,9.1,3.6,32850,No formal educational credential
Materials engineers,25.1,27.2,2.1,8.4,1.8,95640,Bachelor's degree
Materials scientists,7.1,7.3,0.3,3.9,0.7,99460,Bachelor's degree
"Mathematical science teachers, postsecondary",56.1,59.2,3.2,5.6,5.6,73650,Doctoral or professional degree
Mathematicians,2.7,2.8,0.1,2.7,0.2,110860,Master's degree
"Meat, poultry, and fish cutters and trimmers",153.0,158.0,5.0,3.3,18.4,30190,No formal educational credential
Mechanical door repairers,22.8,25.5,2.8,12.2,2.2,43220,High school diploma or equivalent
Mechanical drafters,53.6,51.0,-2.5,-4.7,4.7,58270,Associate's degree
Mechanical engineering technologists and technicians,40.4,42.7,2.3,5.7,4.0,58230,Associate's degree
Mechanical engineers,299.2,320.1,20.9,7.0,20.2,90160,Bachelor's degree
"Media and communication workers, all other",21.5,26.4,4.9,22.9,2.7,49730,High school diploma or equivalent
Medical and health services managers,429.8,569.4,139.6,32.5,51.8,104280,Bachelor's degree
Medical appliance technicians,14.6,16.7,2.1,14.4,2.2,41750,High school diploma or equivalent
Medical assistants,720.9,853.5,132.6,18.4,104.4,35850,Postsecondary nondegree award
"Medical dosimetrists, medical records specialists, and health technologists and technicians, all other",335.0,363.6,28.6,8.5,27.4,44090,Postsecondary nondegree award
Medical equipment preparers,58.7,63.6,4.9,8.4,7.9,38800,High school diploma or equivalent
Medical equipment repairers,54.9,58.8,3.9,7.2,6.3,51610,Associate's degree
"Medical scientists, except epidemiologists",133.9,156.6,22.6,16.9,12.6,91510,Doctoral or professional degree
Medical secretaries and administrative assistants,611.2,676.1,64.9,10.6,75.2,37350,High school diploma or equivalent
Medical transcriptionists,52.4,48.5,-3.9,-7.4,6.6,35270,Postsecondary nondegree award
"Meeting, convention, and event planners",125.9,148.0,22.1,17.5,16.4,51560,Bachelor's degree
Mental health and substance abuse social workers,124.0,142.5,18.5,14.9,14.0,48720,Master's degree
Merchandise displayers and window trimmers,136.4,142.4,6.1,4.4,13.2,30810,High school diploma or equivalent
"Metal workers and plastic workers, all other",21.4,21.0,-0.4,-2.0,2.1,35520,High school diploma or equivalent
Metal-refining furnace operators and tenders,15.1,15.5,0.4,2.6,1.4,44610,High school diploma or equivalent
"Meter readers, utilities",27.0,24.7,-2.3,-8.6,1.7,41940,High school diploma or equivalent
Microbiologists,21.4,22.4,1.0,4.6,2.0,84400,Bachelor's degree
"Middle school teachers, except special and career/technical education",598.5,643.3,44.8,7.5,48.4,60810,Bachelor's degree
"Milling and planing machine setters, operators, and tenders, metal and plastic",15.7,13.3,-2.4,-15.1,1.2,43150,High school diploma or equivalent
Millwrights,44.2,48.7,4.6,10.3,4.4,57260,High school diploma or equivalent
"Mining and geological engineers, including mining safety engineers",6.3,6.6,0.2,3.9,0.4,93800,Bachelor's degree
Miscellaneous assemblers and fabricators,1262.8,1178.2,-84.6,-6.7,125.2,33550,High school diploma or equivalent
Miscellaneous construction and related workers,32.9,35.6,2.7,8.1,4.2,39660,High school diploma or equivalent
"Miscellaneous entertainers and performers, sports and related workers",33.7,45.2,11.4,33.8,4.9,0,No formal educational credential
"Miscellaneous first-line supervisors, protective service workers",81.4,89.8,8.3,10.2,9.0,52650,High school diploma or equivalent
"Mixing and blending machine setters, operators, and tenders",118.1,122.7,4.6,3.9,13.5,38690,High school diploma or equivalent
"Mobile heavy equipment mechanics, except engines",152.1,169.9,17.8,11.7,17.5,55350,High school diploma or equivalent
"Model makers, metal and plastic",3.4,3.3,-0.2,-4.9,0.3,54780,High school diploma or equivalent
"Model makers, wood",1.0,1.3,0.4,38.6,0.1,64050,High school diploma or equivalent
Models,2.7,3.0,0.3,11.4,0.5,31910,No formal educational credential
"Molders, shapers, and casters, except metal and plastic",46.3,53.3,7.0,15.1,5.7,35440,High school diploma or equivalent
"Molding, coremaking, and casting machine setters, operators, and tenders, metal and plastic",157.7,148.2,-9.6,-6.1,14.4,33100,High school diploma or equivalent
"Morticians, undertakers, and funeral arrangers",25.0,26.1,1.0,4.1,3.1,54100,Associate's degree
Motion picture projectionists,1.7,2.9,1.2,70.5,0.6,27490,No formal educational credential
"Motor vehicle operators, all other",59.6,65.7,6.2,10.3,10.6,37170,No formal educational credential
Motorboat mechanics and service technicians,21.7,24.6,2.9,13.3,2.8,43320,High school diploma or equivalent
Motorboat operators,2.6,3.0,0.4,14.7,0.3,55910,Postsecondary nondegree award
Motorcycle mechanics,14.0,15.4,1.4,9.6,1.7,38010,Postsecondary nondegree award
"Multiple machine tool setters, operators, and tenders, metal and plastic",138.4,150.2,11.8,8.6,15.6,37510,High school diploma or equivalent
Museum technicians and conservators,13.5,16.3,2.8,20.6,1.9,45710,Bachelor's degree
Music directors and composers,48.1,51.2,3.0,6.3,6.0,52250,Bachelor's degree
Musical instrument repairers and tuners,7.8,7.5,-0.3,-3.9,0.8,36810,High school diploma or equivalent
Musicians and singers,157.3,174.8,17.5,11.1,20.8,0,No formal educational credential
Natural sciences managers,79.0,83.5,4.5,5.8,6.0,137940,Bachelor's degree
Network and computer systems administrators,350.3,369.1,18.8,5.4,24.9,84810,Bachelor's degree
New accounts clerks,46.1,38.4,-7.7,-16.7,3.2,37750,High school diploma or equivalent
"News analysts, reporters, and journalists",46.7,49.5,2.8,6.0,5.4,49300,Bachelor's degree
Nuclear engineers,17.2,15.8,-1.5,-8.4,0.9,116140,Bachelor's degree
Nuclear medicine technologists,18.3,19.7,1.4,7.8,1.5,79590,Associate's degree
Nuclear power reactor operators,5.3,3.6,-1.8,-32.9,0.2,104040,High school diploma or equivalent
Nuclear technicians,6.6,5.8,-0.8,-12.4,0.7,84190,Associate's degree
Nurse anesthetists,44.2,49.8,5.6,12.6,2.9,183580,Master's degree
Nurse midwives,7.3,8.2,0.8,11.3,0.5,111130,Master's degree
Nurse practitioners,220.3,335.2,114.9,52.2,26.0,111680,Master's degree
Nursing assistants,1396.7,1512.0,115.3,8.3,187.0,30850,Postsecondary nondegree award
"Nursing instructors and teachers, postsecondary",72.6,88.9,16.3,22.4,9.0,75470,Doctoral or professional degree
Obstetricians and gynecologists,20.7,20.3,-0.4,-2.1,0.5,208000,Doctoral or professional degree
Occupational health and safety specialists,98.0,104.8,6.8,7.0,7.8,76340,Bachelor's degree
Occupational health and safety technicians,21.3,23.2,1.9,9.0,1.8,53340,High school diploma or equivalent
Occupational therapists,131.6,154.6,23.0,17.5,10.1,86280,Master's degree
Occupational therapy aides,5.8,7.0,1.2,21.4,0.9,30180,High school diploma or equivalent
Occupational therapy assistants,43.3,58.9,15.6,36.1,7.8,62940,Associate's degree
"Office and administrative support workers, all other",201.9,215.3,13.4,6.6,24.4,35890,High school diploma or equivalent
"Office clerks, general",2933.9,2873.6,-60.4,-2.1,324.6,35330,High school diploma or equivalent
"Office machine operators, except computer",41.7,36.1,-5.6,-13.5,3.8,34730,High school diploma or equivalent
Operating engineers and other construction equipment operators,408.5,430.7,22.2,5.4,46.0,49770,High school diploma or equivalent
Operations research analysts,104.1,129.7,25.6,24.6,10.2,86200,Bachelor's degree
Ophthalmic laboratory technicians,27.5,30.6,3.1,11.2,4.0,34440,High school diploma or equivalent
Ophthalmic medical technicians,60.9,69.6,8.7,14.3,5.5,37940,Postsecondary nondegree award
"Opticians, dispensing",69.8,74.2,4.3,6.2,5.9,38530,High school diploma or equivalent
Optometrists,43.3,47.2,3.9,9.0,1.7,118050,Doctoral or professional degree
Oral and maxillofacial surgeons,5.2,5.6,0.4,7.7,0.2,208000,Doctoral or professional degree
Order clerks,133.9,109.5,-24.4,-18.2,10.4,35590,"Some college, no degree"
Orderlies,44.0,47.2,3.2,7.2,5.8,30030,High school diploma or equivalent
Orthodontists,6.4,6.9,0.5,8.1,0.2,208000,Doctoral or professional degree
Orthotists and prosthetists,10.1,12.0,1.9,18.4,1.0,70190,Master's degree
Outdoor power equipment and other small engine mechanics,33.3,35.5,2.2,6.7,4.0,37530,High school diploma or equivalent
Packaging and filling machine operators and tenders,371.8,392.0,20.2,5.4,43.1,32640,High school diploma or equivalent
"Packers and packagers, hand",599.7,600.6,1.0,0.2,82.9,28050,No formal educational credential
"Painters, construction and maintenance",350.8,369.1,18.3,5.2,32.7,42130,No formal educational credential
"Painting, coating, and decorating workers",12.4,13.2,0.8,6.3,1.3,34780,No formal educational credential
"Paper goods machine setters, operators, and tenders",102.3,94.9,-7.4,-7.3,10.2,39820,High school diploma or equivalent
Paperhangers,4.6,4.9,0.3,6.4,0.4,43560,No formal educational credential
Paralegals and legal assistants,345.6,387.0,41.4,12.0,43.0,52920,Associate's degree
Parking attendants,123.8,141.3,17.5,14.2,21.9,27080,No formal educational credential
Parking enforcement workers,7.9,5.1,-2.8,-35.0,0.4,42070,High school diploma or equivalent
Parts salespersons,257.8,270.4,12.6,4.9,32.6,32460,No formal educational credential
Passenger attendants,23.2,27.2,4.1,17.5,4.0,28770,High school diploma or equivalent
"Passenger vehicle drivers, except bus drivers",707.4,887.9,180.6,25.5,110.2,32320,No formal educational credential
"Patternmakers, metal and plastic",2.4,2.3,-0.1,-3.2,0.2,48160,High school diploma or equivalent
"Patternmakers, wood",0.2,0.3,0.1,24.7,0.0,65120,High school diploma or equivalent
"Paving, surfacing, and tamping equipment operators",44.8,47.4,2.5,5.6,5.1,41540,High school diploma or equivalent
Payroll and timekeeping clerks,137.3,119.7,-17.7,-12.9,11.4,47020,High school diploma or equivalent
"Pediatricians, general",30.2,29.6,-0.5,-1.8,0.8,177130,Doctoral or professional degree
Personal financial advisors,275.2,287.8,12.6,4.6,21.5,89330,Bachelor's degree
"Personal service managers, all other; entertainment and recreation managers, except gambling; and managers, all other",573.0,615.3,42.2,7.4,47.1,116350,Bachelor's degree
Pest control workers,86.8,95.0,8.2,9.5,12.8,37820,High school diploma or equivalent
"Pesticide handlers, sprayers, and applicators, vegetation",27.3,29.6,2.3,8.3,3.9,36630,High school diploma or equivalent
Petroleum engineers,28.5,30.7,2.2,7.6,2.1,137330,Bachelor's degree
"Petroleum pump system operators, refinery operators, and gaugers",40.6,42.8,2.3,5.6,4.4,78840,High school diploma or equivalent
Pharmacists,322.2,315.3,-7.0,-2.2,11.3,128710,Doctoral or professional degree
Pharmacy aides,38.9,33.2,-5.7,-14.7,4.1,29280,High school diploma or equivalent
Pharmacy technicians,419.3,435.9,16.6,4.0,31.7,35100,High school diploma or equivalent
"Philosophy and religion teachers, postsecondary",29.0,32.2,3.2,11.0,3.1,76160,Doctoral or professional degree
Phlebotomists,129.6,158.4,28.8,22.2,19.5,36320,Postsecondary nondegree award
Photographers,110.5,129.4,18.9,17.1,12.7,41280,High school diploma or equivalent
Photographic process workers and processing machine operators,9.3,8.5,-0.8,-8.7,1.3,34720,High school diploma or equivalent
"Physical scientists, all other",23.9,24.2,0.2,1.0,1.8,107210,Bachelor's degree
Physical therapist aides,46.7,58.5,11.8,25.3,7.4,28450,High school diploma or equivalent
Physical therapist assistants,93.8,126.9,33.2,35.4,16.4,59770,Associate's degree
Physical therapists,239.2,288.3,49.1,20.5,15.6,91010,Doctoral or professional degree
Physician assistants,129.4,169.5,40.1,31.0,12.2,115390,Master's degree
"Physicians, all other; and ophthalmologists, except pediatric",412.1,430.8,18.7,4.5,13.4,208000,Doctoral or professional degree
Physicists,17.4,18.9,1.5,8.8,1.3,129850,Doctoral or professional degree
"Physics teachers, postsecondary",16.5,17.8,1.3,8.1,1.7,90400,Doctoral or professional degree
Pile driver operators,3.9,4.1,0.2,4.8,0.4,63370,High school diploma or equivalent
Pipelayers,35.1,34.5,-0.5,-1.5,3.5,40480,No formal educational credential
"Plant and system operators, all other",14.9,15.4,0.5,3.1,1.6,58960,High school diploma or equivalent
Plasterers and stucco masons,26.1,27.8,1.8,6.8,2.4,47020,No formal educational credential
"Plating machine setters, operators, and tenders, metal and plastic",39.3,38.2,-1.1,-2.7,3.8,34850,High school diploma or equivalent
"Plumbers, pipefitters, and steamfitters",469.9,493.2,23.4,5.0,51.0,56330,High school diploma or equivalent
Podiatrists,12.1,12.3,0.2,1.8,0.9,134300,Doctoral or professional degree
Police and sheriff's patrol officers,671.2,719.8,48.6,7.2,57.6,65540,High school diploma or equivalent
"Political science teachers, postsecondary",18.4,20.0,1.6,8.7,1.9,85760,Doctoral or professional degree
Political scientists,7.0,7.6,0.6,8.6,0.7,125350,Master's degree
Postal service clerks,82.8,76.4,-6.4,-7.8,5.8,50150,High school diploma or equivalent
Postal service mail carriers,317.7,293.1,-24.7,-7.8,19.1,51080,High school diploma or equivalent
"Postal service mail sorters, processors, and processing machine operators",100.4,88.2,-12.2,-12.2,7.0,53140,High school diploma or equivalent
Postmasters and mail superintendents,13.2,12.2,-1.0,-7.7,0.8,78060,High school diploma or equivalent
"Postsecondary teachers, all other",230.3,243.9,13.6,5.9,23.0,71950,Doctoral or professional degree
"Pourers and casters, metal",7.1,6.7,-0.4,-5.1,0.6,40170,High school diploma or equivalent
Power distributors and dispatchers,10.0,9.3,-0.7,-7.3,0.8,95100,High school diploma or equivalent
Power plant operators,33.6,29.0,-4.6,-13.6,2.5,84650,High school diploma or equivalent
"Precision instrument and equipment repairers, all other",11.4,12.0,0.6,5.6,1.3,61420,High school diploma or equivalent
Prepress technicians and workers,28.2,23.3,-4.8,-17.1,3.0,41410,Postsecondary nondegree award
"Preschool teachers, except special education",469.6,556.0,86.4,18.4,59.6,31930,Associate's degree
"Pressers, textile, garment, and related materials",30.3,27.0,-3.3,-10.8,2.6,25580,No formal educational credential
Print binding and finishing workers,41.6,34.4,-7.3,-17.5,3.5,34260,High school diploma or equivalent
Printing press operators,160.9,144.9,-15.9,-9.9,14.7,37880,High school diploma or equivalent
Private detectives and investigators,33.7,38.1,4.4,13.2,3.5,53320,High school diploma or equivalent
Probation officers and correctional treatment specialists,92.7,96.2,3.5,3.8,8.1,55690,Bachelor's degree
Procurement clerks,63.0,59.8,-3.2,-5.1,5.2,44740,High school diploma or equivalent
Producers and directors,131.0,162.5,31.6,24.1,15.6,76400,Bachelor's degree
"Production workers, all other",203.6,220.3,16.7,8.2,24.6,31420,High school diploma or equivalent
"Production, planning, and expediting clerks",365.7,393.6,27.9,7.6,41.0,49640,High school diploma or equivalent
"Project management specialists and business operations specialists, all other",1777.3,1876.5,99.2,5.6,141.9,77420,Bachelor's degree
Proofreaders and copy markers,7.9,8.3,0.4,5.3,1.1,41140,Bachelor's degree
Property appraisers and assessors,78.7,82.1,3.4,4.4,6.3,58650,Bachelor's degree
"Property, real estate, and community association managers",364.1,375.5,11.4,3.1,29.1,59660,High school diploma or equivalent
Prosthodontists,0.7,0.7,0.1,8.5,0.0,208000,Doctoral or professional degree
Psychiatric aides,54.1,58.1,4.0,7.4,7.2,31570,High school diploma or equivalent
Psychiatric technicians,91.6,103.3,11.7,12.8,8.0,35030,Postsecondary nondegree award
Psychiatrists,28.1,31.6,3.5,12.5,1.2,208000,Doctoral or professional degree
"Psychologists, all other",55.2,56.3,1.1,2.0,3.7,105780,Master's degree
"Psychology teachers, postsecondary",44.1,48.6,4.5,10.3,4.7,78180,Doctoral or professional degree
Public relations and fundraising managers,89.0,100.3,11.3,12.6,8.9,118430,Bachelor's degree
Public relations specialists,272.3,303.4,31.2,11.4,29.2,62810,Bachelor's degree
Public safety telecommunicators,95.4,103.2,7.8,8.2,9.8,43290,High school diploma or equivalent
"Pump operators, except wellhead pumpers",11.1,12.5,1.4,12.6,1.4,48090,High school diploma or equivalent
Purchasing managers,74.4,79.0,4.6,6.1,6.3,125940,Bachelor's degree
Radiation therapists,17.7,19.3,1.6,9.1,1.1,86850,Associate's degree
"Radio, cellular, and tower equipment installers and repairers",13.5,14.1,0.5,3.9,1.6,57720,Associate's degree
Radiologic technologists and technicians,212.1,230.3,18.3,8.6,17.4,61900,Associate's degree
Rail car repairers,21.1,22.2,1.1,5.2,2.2,57710,High school diploma or equivalent
"Rail transportation workers, all other",1.7,1.7,0.0,0.0,0.2,47970,High school diploma or equivalent
"Rail yard engineers, dinkey operators, and hostlers",4.2,4.3,0.0,0.0,0.4,51720,High school diploma or equivalent
Rail-track laying and maintenance equipment operators,15.7,16.5,0.8,5.3,1.5,56370,High school diploma or equivalent
"Railroad brake, signal, and switch operators and locomotive firers",11.0,11.3,0.2,2.0,1.0,57870,High school diploma or equivalent
Railroad conductors and yardmasters,32.9,34.7,1.8,5.5,3.1,64030,High school diploma or equivalent
Real estate brokers,109.9,114.8,4.9,4.5,10.1,60370,High school diploma or equivalent
Real estate sales agents,408.9,425.8,16.9,4.1,37.4,49040,High school diploma or equivalent
Receptionists and information clerks,1016.2,1060.0,43.8,4.3,134.0,31110,High school diploma or equivalent
"Recreation and fitness studies teachers, postsecondary",17.0,18.2,1.2,6.8,1.7,66290,Doctoral or professional degree
Recreation workers,354.1,411.9,57.8,16.3,64.6,28440,High school diploma or equivalent
Recreational therapists,20.8,23.0,2.2,10.4,1.9,47710,Bachelor's degree
Recreational vehicle service technicians,15.4,18.1,2.7,17.2,2.2,40520,High school diploma or equivalent
"Refractory materials repairers, except brickmasons",0.8,0.6,-0.1,-14.5,0.0,54610,High school diploma or equivalent
Refuse and recyclable material collectors,140.5,157.2,16.7,11.9,21.4,39100,No formal educational credential
Registered nurses,3080.1,3356.8,276.8,9.0,194.5,75330,Bachelor's degree
Rehabilitation counselors,104.5,115.4,10.8,10.4,11.2,37530,Master's degree
Reinforcing iron and rebar workers,22.1,23.2,1.2,5.3,2.2,49390,High school diploma or equivalent
"Religious workers, all other",66.3,67.6,1.3,2.0,8.8,33530,Bachelor's degree
Reservation and transportation ticket agents and travel clerks,101.6,114.7,13.1,12.9,13.1,39430,High school diploma or equivalent
Residential advisors,108.2,121.6,13.4,12.4,17.5,31190,High school diploma or equivalent
Respiratory therapists,135.1,166.2,31.1,23.0,10.1,62810,Associate's degree
Retail salespersons,3835.0,3795.7,-39.3,-1.0,524.5,27080,No formal educational credential
Riggers,21.3,23.9,2.6,12.1,2.5,50850,High school diploma or equivalent
"Rock splitters, quarry",4.6,4.9,0.3,6.0,0.6,37130,No formal educational credential
"Rolling machine setters, operators, and tenders, metal and plastic",34.5,32.4,-2.1,-6.1,3.0,43600,High school diploma or equivalent
"Roof bolters, mining",2.1,1.9,-0.1,-6.9,0.2,61190,High school diploma or equivalent
Roofers,153.7,160.8,7.1,4.6,15.6,43580,No formal educational credential
"Rotary drill operators, oil and gas",15.2,19.2,4.0,26.4,2.4,53820,No formal educational credential
"Roustabouts, oil and gas",43.5,56.4,12.9,29.5,7.2,39420,No formal educational credential
Sailors and marine oilers,26.4,29.2,2.7,10.4,3.5,44920,No formal educational credential
"Sales and related workers, all other",172.6,175.5,2.9,1.7,22.5,30550,High school diploma or equivalent
Sales engineers,63.8,68.8,5.0,7.9,7.3,108830,Bachelor's degree
Sales managers,397.9,425.8,27.9,7.0,37.0,132290,Bachelor's degree
"Sales representatives of services, except advertising, insurance, financial services, and travel",985.2,1082.1,97.0,9.8,126.5,58770,High school diploma or equivalent
"Sales representatives, wholesale and manufacturing, except technical and scientific products",1327.5,1386.8,59.4,4.5,137.8,62070,High school diploma or equivalent
"Sales representatives, wholesale and manufacturing, technical and scientific products",298.2,316.5,18.2,6.1,31.7,86650,Bachelor's degree
"Sawing machine setters, operators, and tenders, wood",50.5,53.9,3.4,6.7,6.2,31560,High school diploma or equivalent
"School bus monitors and protective service workers, all other",141.6,157.4,15.8,11.2,38.8,31960,High school diploma or equivalent
"Secondary school teachers, except special and career/technical education",998.8,1077.0,78.2,7.8,77.4,62870,Bachelor's degree
Secretaries and administrative assistants,2053.5,1896.7,-156.9,-7.6,195.1,38850,High school diploma or equivalent
"Securities, commodities, and financial services sales agents",466.3,485.8,19.5,4.2,42.5,64770,Bachelor's degree
Security and fire alarm systems installers,73.4,85.5,12.1,16.4,9.2,50940,High school diploma or equivalent
Security guards,1059.0,1213.2,154.2,14.6,163.6,31050,High school diploma or equivalent
Self-enrichment teachers,336.7,415.9,79.2,23.5,50.5,39960,High school diploma or equivalent
Semiconductor processing technicians,33.2,32.6,-0.6,-1.7,3.5,40500,High school diploma or equivalent
"Separating, filtering, clarifying, precipitating, and still machine setters, operators, and tenders",49.6,52.1,2.5,5.0,5.3,43100,High school diploma or equivalent
Septic tank servicers and sewer pipe cleaners,30.4,34.8,4.4,14.3,4.2,41120,High school diploma or equivalent
"Service unit operators, oil and gas",43.1,52.9,9.8,22.9,6.6,47380,No formal educational credential
Set and exhibit designers,29.7,32.4,2.7,9.1,3.1,58180,Bachelor's degree
"Sewers, hand",6.9,6.2,-0.7,-9.5,0.8,30000,No formal educational credential
Sewing machine operators,133.5,114.8,-18.6,-14.0,12.2,28230,No formal educational credential
Shampooers,10.8,14.1,3.2,29.8,1.6,24190,No formal educational credential
Sheet metal workers,135.4,140.2,4.8,3.6,13.1,51370,High school diploma or equivalent
Ship engineers,7.8,8.4,0.6,8.2,1.0,75990,Postsecondary nondegree award
"Shipping, receiving, and inventory clerks",734.9,694.3,-40.6,-5.5,64.0,35260,High school diploma or equivalent
Shoe and leather workers and repairers,8.7,7.5,-1.2,-14.0,0.8,30550,High school diploma or equivalent
Shoe machine operators and tenders,5.0,3.9,-1.1,-21.6,0.4,30630,High school diploma or equivalent
Signal and track switch repairers,6.6,7.0,0.4,5.6,0.7,76210,High school diploma or equivalent
Skincare specialists,68.7,88.4,19.8,28.8,10.1,36510,Postsecondary nondegree award
Slaughterers and meat packers,79.7,83.1,3.4,4.3,9.7,30710,No formal educational credential
Social and community service managers,174.2,200.7,26.4,15.2,18.3,69600,Bachelor's degree
Social and human service assistants,417.6,487.1,69.5,16.6,59.1,35960,High school diploma or equivalent
Social science research assistants,40.4,43.8,3.4,8.4,5.4,49210,Bachelor's degree
"Social sciences teachers, postsecondary, all other",19.5,20.3,0.8,4.3,1.9,69340,Doctoral or professional degree
"Social scientists and related workers, all other",39.9,41.1,1.2,2.9,3.7,87260,Bachelor's degree
"Social work teachers, postsecondary",16.6,18.1,1.5,8.9,1.7,71570,Doctoral or professional degree
"Social workers, all other",71.4,75.5,4.1,5.8,7.1,64210,Bachelor's degree
Sociologists,3.0,3.1,0.1,4.8,0.3,86110,Master's degree
"Sociology teachers, postsecondary",15.9,17.1,1.2,7.6,1.6,75610,Doctoral or professional degree
"Software developers, quality assurance analysts, testers",1847.9,2257.4,409.5,22.2,189.2,110140,Bachelor's degree
Soil and plant scientists,18.8,20.7,1.9,10.0,2.3,66120,Bachelor's degree
Solar photovoltaic installers,11.8,17.9,6.1,52.1,2.3,46470,High school diploma or equivalent
Sound engineering technicians,13.1,15.4,2.3,17.4,1.6,53520,Postsecondary nondegree award
"Special education teachers, all other",34.3,37.9,3.6,10.5,3.0,62820,Bachelor's degree
"Special education teachers, kindergarten and elementary school",188.6,203.4,14.8,7.8,15.7,60620,Bachelor's degree
"Special education teachers, middle school",78.5,84.4,5.9,7.5,6.5,61820,Bachelor's degree
"Special education teachers, preschool",20.8,23.4,2.5,12.1,1.8,61400,Bachelor's degree
"Special education teachers, secondary school",140.9,151.8,10.8,7.7,11.7,62320,Bachelor's degree
Special effects artists and animators,62.4,72.3,9.9,15.8,7.8,77700,Bachelor's degree
Speech-language pathologists,158.1,203.5,45.4,28.7,15.2,80480,Master's degree
Stationary engineers and boiler operators,30.7,32.5,1.8,5.8,4.0,64680,High school diploma or equivalent
Statistical assistants,10.4,11.3,0.8,7.9,1.3,50360,Bachelor's degree
Statisticians,42.0,56.9,14.9,35.4,5.0,92270,Master's degree
Stockers and order fillers,2223.0,2319.7,96.7,4.4,360.5,29190,High school diploma or equivalent
Stonemasons,13.9,13.7,-0.2,-1.4,1.3,43650,High school diploma or equivalent
Structural iron and steel workers,71.0,75.3,4.2,5.9,7.9,54830,High school diploma or equivalent
Structural metal fabricators and fitters,70.0,62.0,-8.0,-11.4,5.9,41780,High school diploma or equivalent
"Substance abuse, behavioral disorder, and mental health counselors",327.5,402.6,75.1,22.9,41.0,47660,Bachelor's degree
"Substitute teachers, short-term",536.9,604.6,67.8,12.6,71.4,29370,Bachelor's degree
Subway and streetcar operators,11.0,12.1,1.1,10.2,1.1,69440,High school diploma or equivalent
"Surgeons, except ophthalmologists",41.5,40.3,-1.2,-2.8,1.0,208000,Doctoral or professional degree
Surgical technologists,109.7,119.2,9.5,8.7,9.0,49710,Postsecondary nondegree award
Survey researchers,12.7,13.2,0.5,4.3,1.2,59870,Master's degree
Surveying and mapping technicians,54.8,56.9,2.0,3.7,7.0,46200,High school diploma or equivalent
Surveyors,46.0,46.7,0.7,1.6,4.0,65590,Bachelor's degree
"Switchboard operators, including answering service",59.9,46.3,-13.6,-22.7,4.5,31430,High school diploma or equivalent
"Tailors, dressmakers, and custom sewers",42.0,38.9,-3.1,-7.4,4.9,32640,No formal educational credential
"Tank car, truck, and ship loaders",13.0,13.6,0.6,4.7,1.6,45610,No formal educational credential
Tapers,19.8,19.9,0.1,0.5,1.6,59450,No formal educational credential
"Tax examiners and collectors, and revenue agents",56.9,54.8,-2.1,-3.7,4.4,55640,Bachelor's degree
Tax preparers,87.4,88.8,1.4,1.6,9.8,44300,High school diploma or equivalent
"Teaching assistants, except postsecondary",1306.3,1422.3,116.0,8.9,136.4,28900,"Some college, no degree"
"Teaching assistants, postsecondary",165.4,176.0,10.5,6.4,16.7,36250,Bachelor's degree
Technical writers,52.3,58.3,6.1,11.6,5.5,74650,Bachelor's degree
"Telecommunications equipment installers and repairers, except line installers",195.8,193.5,-2.2,-1.1,21.5,61470,Postsecondary nondegree award
Telecommunications line installers and repairers,124.4,123.6,-0.8,-0.7,13.1,58870,High school diploma or equivalent
Telemarketers,119.7,97.8,-21.9,-18.3,13.9,27920,No formal educational credential
Telephone operators,4.8,3.6,-1.2,-25.4,0.4,37710,High school diploma or equivalent
Tellers,432.5,359.4,-73.1,-16.9,33.7,32620,High school diploma or equivalent
Terrazzo workers and finishers,3.0,2.7,-0.3,-8.5,0.2,51430,High school diploma or equivalent
Textile bleaching and dyeing machine operators and tenders,7.5,6.5,-1.0,-13.8,0.7,30260,High school diploma or equivalent
"Textile cutting machine setters, operators, and tenders",12.9,11.5,-1.4,-11.1,1.3,29910,High school diploma or equivalent
"Textile knitting and weaving machine setters, operators, and tenders",19.6,16.7,-2.9,-14.8,1.9,31090,High school diploma or equivalent
"Textile winding, twisting, and drawing out machine setters, operators, and tenders",26.4,23.4,-3.0,-11.5,2.6,30890,High school diploma or equivalent
"Textile, apparel, and furnishings workers, all other",16.7,15.6,-1.1,-6.4,1.8,28650,High school diploma or equivalent
"Therapists, all other",28.1,32.3,4.2,14.8,2.4,57310,Bachelor's degree
Tile and stone setters,54.1,60.3,6.2,11.5,5.4,44220,No formal educational credential
Timing device assemblers and adjusters,1.0,0.8,-0.2,-17.8,0.1,36170,High school diploma or equivalent
Tire builders,20.6,20.5,-0.2,-0.8,2.0,46270,High school diploma or equivalent
Tire repairers and changers,102.7,104.6,1.9,1.8,12.0,30060,High school diploma or equivalent
"Title examiners, abstractors, and searchers",62.2,63.3,1.1,1.7,6.1,48820,High school diploma or equivalent
Tool and die makers,62.3,63.3,0.9,1.5,6.4,54760,Postsecondary nondegree award
"Tool grinders, filers, and sharpeners",6.2,6.1,-0.1,-2.4,0.6,41060,High school diploma or equivalent
Tour and travel guides,44.0,56.8,12.8,29.1,9.2,29460,High school diploma or equivalent
Traffic technicians,7.6,8.2,0.6,7.8,1.1,47800,High school diploma or equivalent
Training and development managers,42.1,46.6,4.5,10.7,4.3,115640,Bachelor's degree
Training and development specialists,328.7,364.2,35.5,10.8,35.2,62700,Bachelor's degree
Transit and railroad police,3.8,4.1,0.3,8.6,0.3,72580,High school diploma or equivalent
Transportation inspectors,29.0,30.3,1.3,4.6,3.3,78400,High school diploma or equivalent
Transportation security screeners,51.8,51.9,0.1,0.2,4.5,44300,High school diploma or equivalent
"Transportation, storage, and distribution managers",137.6,149.0,11.4,8.3,11.8,96390,High school diploma or equivalent
Travel agents,60.5,63.8,3.3,5.4,7.5,42350,High school diploma or equivalent
Tree trimmers and pruners,66.4,70.5,4.1,6.1,9.2,41340,High school diploma or equivalent
"Tutors and teachers and instructors, all other",385.0,445.2,60.2,15.6,53.0,40590,Bachelor's degree
"Umpires, referees, and other sports officials",20.2,26.2,6.0,29.4,3.8,28940,High school diploma or equivalent
"Underground mining machine operators and extraction workers, all other",12.6,13.9,1.3,10.2,1.7,52400,High school diploma or equivalent
Upholsterers,32.1,33.5,1.4,4.5,3.0,36250,High school diploma or equivalent
Urban and regional planners,39.1,41.8,2.7,6.8,3.7,75950,Master's degree
"Ushers, lobby attendants, and ticket takers",81.5,131.9,50.4,61.8,29.4,25110,No formal educational credential
Veterinarians,86.8,101.3,14.5,16.8,4.4,99250,Doctoral or professional degree
Veterinary assistants and laboratory animal caretakers,107.2,122.5,15.3,14.3,19.8,29930,High school diploma or equivalent
Veterinary technologists and technicians,114.4,131.5,17.1,14.9,10.4,36260,Associate's degree
Waiters and waitresses,2023.2,2430.7,407.6,20.1,470.2,23740,No formal educational credential
Watch and clock repairers,2.8,2.1,-0.7,-24.9,0.2,45290,High school diploma or equivalent
Water and wastewater treatment plant and system operators,122.1,119.0,-3.1,-2.5,10.5,49090,High school diploma or equivalent
Web developers and digital interface designers,199.4,224.9,25.5,12.8,17.9,77200,Bachelor's degree
"Weighers, measurers, checkers, and samplers, recordkeeping",59.1,65.4,6.3,10.7,6.5,36650,High school diploma or equivalent
"Welders, cutters, solderers, and brazers",418.2,452.4,34.1,8.2,49.2,44190,High school diploma or equivalent
"Welding, soldering, and brazing machine setters, operators, and tenders",35.1,34.7,-0.3,-1.0,3.6,39410,High school diploma or equivalent
Wellhead pumpers,13.6,14.8,1.3,9.4,1.7,60720,High school diploma or equivalent
Wind turbine service technicians,6.9,11.7,4.7,68.2,1.4,56230,Postsecondary nondegree award
"Woodworkers, all other",9.5,11.6,2.1,22.2,1.2,33630,High school diploma or equivalent
"Woodworking machine setters, operators, and tenders, except sawing",74.6,81.9,7.3,9.8,8.7,32160,High school diploma or equivalent
Word processors and typists,45.2,28.9,-16.3,-36.0,2.6,41050,High school diploma or equivalent
Writers and authors,143.2,155.4,12.2,8.5,15.4,67120,Bachelor's degree
Zoologists and wildlife biologists,18.5,19.5,1.0,5.2,1.7,66350,Bachelor's degree
